timestamp,component_id,temperatura,normal_temp_min,normal_temp_max,is_anomalo,tipo_anomalia
2025-06-02 07:38:09.054105,SSD,40.546973973024464,25,60,False,-
2025-06-02 07:48:09.054114,Motherboard,43.62883311949346,30,65,False,-
2025-06-02 07:58:09.054117,RAM,42.40504615868357,40,75,False,-
2025-06-02 08:08:09.054119,Motherboard,41.119420121395656,35,60,False,-
2025-06-02 08:18:09.054121,Motherboard,36.04762772277344,40,75,True,-
2025-06-02 08:28:09.054123,GPU,42.35734178567998,40,55,False,-
2025-06-02 08:38:09.054125,RAM,49.41012248237517,45,75,False,-
2025-06-02 08:48:09.054127,RAM,46.72710023077489,40,70,False,-
2025-06-02 08:58:09.054129,RAM,47.965933133196984,40,70,False,-
2025-06-02 09:08:09.054130,Motherboard,37.443921617844076,25,75,False,-
2025-06-02 09:18:09.054132,SSD,35.0519758987071,35,70,False,-
2025-06-02 09:28:09.054134,RAM,39.37106539950176,25,55,False,-
2025-06-02 09:38:09.054135,Motherboard,40.27862456144347,25,65,False,-
2025-06-02 09:48:09.054137,GPU,45.47095759235474,30,70,False,-
2025-06-02 09:58:09.054139,SSD,31.537676851425903,25,70,False,-
2025-06-02 10:08:09.054140,GPU,47.64775159730307,45,75,False,-
2025-06-02 10:18:09.054142,SSD,39.20996050710505,45,55,True,-
2025-06-02 10:28:09.054144,Motherboard,37.8655946502629,30,65,False,-
2025-06-02 10:38:09.054145,CPU,34.93947812369916,35,75,True,-
2025-06-02 10:48:09.054147,SSD,31.725716640671152,35,75,True,-
2025-06-02 10:58:09.054149,GPU,44.11585291980957,25,55,False,-
2025-06-02 11:08:09.054150,Motherboard,40.36658983594202,25,65,False,-
2025-06-02 11:18:09.054152,SSD,33.55019550129473,25,55,False,-
2025-06-02 11:28:09.054154,CPU,33.52460613968192,35,65,True,-
2025-06-02 11:38:09.054155,CPU,38.32107650354936,40,55,True,-
2025-06-02 11:48:09.054157,RAM,48.34510762644696,45,75,False,-
2025-06-02 11:58:09.054159,RAM,38.702043243181976,40,75,True,-
2025-06-02 12:08:09.054161,GPU,32.48428523440947,40,60,True,-
2025-06-02 12:18:09.054162,SSD,38.77128467957028,35,70,False,-
2025-06-02 12:28:09.054164,SSD,38.63638215126165,40,55,True,-
2025-06-02 12:38:09.054166,RAM,26.515566785292144,30,60,True,-
2025-06-02 12:48:09.054167,SSD,39.72852566741094,25,70,False,-
2025-06-02 12:58:09.054169,SSD,38.84532734895661,30,55,False,-
2025-06-02 13:08:09.054171,CPU,43.48103182406709,45,65,True,-
2025-06-02 13:18:09.054172,RAM,49.244780474726724,25,70,False,-
2025-06-02 13:28:09.054174,Motherboard,45.632825147738785,40,75,False,-
2025-06-02 13:38:09.054176,RAM,38.65555654722585,45,60,True,-
2025-06-02 13:48:09.054177,Motherboard,34.46737045629165,25,70,False,-
2025-06-02 13:58:09.054179,CPU,52.8667990162493,40,70,False,-
2025-06-02 14:08:09.054180,GPU,40.29609217007244,30,75,False,-
2025-06-02 14:18:09.054182,SSD,40.06964645956473,25,55,False,-
2025-06-02 14:28:09.054184,CPU,39.87937456444998,40,65,True,-
2025-06-02 14:38:09.054186,SSD,40.99042380383928,30,75,False,-
2025-06-02 14:48:09.054187,GPU,39.27819794038029,45,65,True,-
2025-06-02 14:58:09.054189,GPU,37.13168996559882,45,55,True,-
2025-06-02 15:08:09.054191,CPU,37.26570529379804,45,70,True,-
2025-06-02 15:18:09.054192,GPU,39.83623364892001,45,65,True,-
2025-06-02 15:28:09.054194,Motherboard,37.282876144331176,35,60,False,-
2025-06-02 15:38:09.054196,GPU,36.43577108661418,25,60,False,-
2025-06-02 15:48:09.054197,SSD,40.53215113845948,25,75,False,-
2025-06-02 15:58:09.054199,SSD,38.72511391289572,35,55,False,-
2025-06-02 16:08:09.054200,SSD,47.51996494291345,40,75,False,-
2025-06-02 16:18:09.054202,SSD,26.74515095803494,40,75,True,-
2025-06-02 16:28:09.054204,Motherboard,45.45753425961231,45,75,False,-
2025-06-02 16:38:09.054205,RAM,46.23042596248815,30,60,False,-
2025-06-02 16:48:09.054207,CPU,29.63304883795925,40,60,True,-
2025-06-02 16:58:09.054209,SSD,38.28656202959826,30,75,False,-
2025-06-02 17:08:09.054210,GPU,38.142795670021044,25,60,False,-
2025-06-02 17:18:09.054212,SSD,32.96244152641089,30,55,False,-
2025-06-02 17:28:09.054214,GPU,36.110916562045624,25,75,False,-
2025-06-02 17:38:09.054215,GPU,34.44712077267086,35,60,True,-
2025-06-02 17:48:09.054217,SSD,48.761352217118116,35,65,False,-
2025-06-02 17:58:09.054219,Motherboard,44.678391965737305,45,75,True,-
2025-06-02 18:08:09.054220,GPU,46.35777547497079,40,75,False,-
2025-06-02 18:18:09.054222,GPU,43.60836032021618,45,55,True,-
2025-06-02 18:28:09.054224,SSD,34.354741143913856,25,70,False,-
2025-06-02 18:38:09.054226,GPU,37.37739866860113,45,70,True,-
2025-06-02 18:48:09.054227,GPU,42.44687280613959,30,55,False,-
2025-06-02 18:58:09.054240,SSD,33.88936095554027,25,55,False,-
2025-06-02 19:08:09.054242,SSD,43.56499215086194,35,55,False,-
2025-06-02 19:18:09.054243,CPU,38.79837300920933,40,70,True,-
2025-06-02 19:28:09.054245,Motherboard,38.12589596225201,25,55,False,-
2025-06-02 19:38:09.054247,Motherboard,43.554799841017456,25,60,False,-
2025-06-02 19:48:09.054248,GPU,42.2213165574302,30,75,False,-
2025-06-02 19:58:09.054250,Motherboard,38.1951691709046,40,75,True,-
2025-06-02 20:08:09.054251,GPU,45.79664901682124,35,65,False,-
2025-06-02 20:18:09.054253,CPU,34.59468336200051,25,65,False,-
2025-06-02 20:28:09.054255,SSD,43.07967803472132,25,75,False,-
2025-06-02 20:38:09.054260,SSD,42.96550628984192,30,60,False,-
2025-06-02 20:48:09.054262,SSD,38.45226780343005,45,70,True,-
2025-06-02 20:58:09.054264,Motherboard,41.63066511121059,35,70,False,-
2025-06-02 21:08:09.054265,CPU,33.74443211807348,40,60,True,-
2025-06-02 21:18:09.054267,Motherboard,44.6201350960345,25,70,False,-
2025-06-02 21:28:09.054268,Motherboard,39.075489317785056,25,55,False,-
2025-06-02 21:38:09.054270,CPU,37.3863848974048,35,75,False,-
2025-06-02 21:48:09.054272,CPU,45.245046129184445,45,75,False,-
2025-06-02 21:58:09.054273,CPU,36.4782815472862,25,60,False,-
2025-06-02 22:08:09.054275,CPU,32.957693518182204,35,70,True,-
2025-06-02 22:18:09.054276,SSD,32.21685413238048,30,65,False,-
2025-06-02 22:28:09.054278,RAM,43.0300497567282,45,65,True,-
2025-06-02 22:38:09.054280,RAM,33.597853237518585,40,70,True,-
2025-06-02 22:48:09.054281,CPU,48.77397090992182,25,65,False,-
2025-06-02 22:58:09.054283,RAM,29.59035296058139,35,60,True,-
2025-06-02 23:08:09.054285,RAM,48.48228184145019,30,60,False,-
2025-06-02 23:18:09.054287,CPU,41.055087336013095,40,70,False,-
2025-06-02 23:28:09.054288,RAM,39.51643444064804,35,65,False,-
2025-06-02 23:38:09.054290,Motherboard,37.27540456595525,35,60,False,-
2025-06-02 23:48:09.054291,GPU,41.99568057176035,40,60,False,-
2025-06-02 23:58:09.054293,GPU,39.811826487875756,30,55,False,-
2025-06-03 00:08:09.054295,CPU,45.516509410082605,30,55,False,-
2025-06-03 00:18:09.054296,SSD,40.5711382433102,45,60,True,-
2025-06-03 00:28:09.054298,CPU,40.751508807309385,25,70,False,-
2025-06-03 00:38:09.054300,SSD,38.18193893893072,40,75,True,-
2025-06-03 00:48:09.054301,GPU,39.71527188139466,40,75,True,-
2025-06-03 00:58:09.054303,CPU,41.5390088444603,40,60,False,-
2025-06-03 01:08:09.054305,Motherboard,31.449158036716874,30,60,False,-
2025-06-03 01:18:09.054306,RAM,33.25907288947143,25,60,False,-
2025-06-03 01:28:09.054308,SSD,43.71632047011357,45,70,True,-
2025-06-03 01:38:09.054310,RAM,40.85432719063971,35,55,False,-
2025-06-03 01:48:09.054312,RAM,39.0800833182366,35,60,False,-
2025-06-03 01:58:09.054313,CPU,40.09216966532696,40,60,False,-
2025-06-03 02:08:09.054315,RAM,41.737908526808354,25,65,False,-
2025-06-03 02:18:09.054317,Motherboard,37.30120159845319,30,70,False,-
2025-06-03 02:28:09.054318,RAM,36.108476372988434,25,60,False,-
2025-06-03 02:38:09.054320,CPU,40.97922627548841,25,65,False,-
2025-06-03 02:48:09.054322,Motherboard,35.10813611192484,30,75,False,-
2025-06-03 02:58:09.054323,GPU,42.04126377857236,40,60,False,-
2025-06-03 03:08:09.054325,RAM,31.4870819788108,25,60,False,-
2025-06-03 03:18:09.054326,CPU,45.14577818662822,35,65,False,-
2025-06-03 03:28:09.054328,GPU,42.362987412065216,30,70,False,-
2025-06-03 03:38:09.054330,GPU,41.28014867156938,45,60,True,-
2025-06-03 03:48:09.054332,SSD,44.91345491972757,40,75,False,-
2025-06-03 03:58:09.054333,Motherboard,48.32737222231288,30,60,False,-
2025-06-03 04:08:09.054335,RAM,45.07185032509065,45,75,False,-
2025-06-03 04:18:09.054337,CPU,30.795628843341774,45,55,True,-
2025-06-03 04:28:09.054338,SSD,33.60211516632149,25,55,False,-
2025-06-03 04:38:09.054340,Motherboard,36.875907111521606,25,75,False,-
2025-06-03 04:48:09.054341,SSD,40.130455251054165,25,70,False,-
2025-06-03 04:58:09.054343,Motherboard,42.58829510234561,30,60,False,-
2025-06-03 05:08:09.054345,Motherboard,36.37128093423267,30,60,False,-
2025-06-03 05:18:09.054347,RAM,40.93383382238539,40,55,False,-
2025-06-03 05:28:09.054348,Motherboard,36.22308533823339,25,75,False,-
2025-06-03 05:38:09.054350,SSD,36.94241098504026,45,60,True,-
2025-06-03 05:48:09.054352,Motherboard,32.96669451575889,35,60,True,-
2025-06-03 05:58:09.054353,RAM,35.38383376944548,40,70,True,-
2025-06-03 06:08:09.054355,RAM,33.241576971918334,30,65,False,-
2025-06-03 06:18:09.054356,SSD,35.12063373511334,40,55,True,-
2025-06-03 06:28:09.054358,GPU,45.2682089830392,40,55,False,-
2025-06-03 06:38:09.054360,GPU,35.25300555584028,40,65,True,-
2025-06-03 06:48:09.054361,Motherboard,53.161910324186955,40,60,False,-
2025-06-03 06:58:09.054363,CPU,42.466589504404446,35,70,False,-
2025-06-03 07:08:09.054365,Motherboard,40.92418061847437,25,70,False,-
2025-06-03 07:18:09.054366,SSD,35.70821109909393,45,55,True,-
2025-06-03 07:28:09.054368,SSD,43.501549397044954,40,70,False,-
2025-06-03 07:38:09.054370,SSD,37.12181086881113,40,65,True,-
2025-06-03 07:48:09.054371,SSD,40.610049073226804,40,60,False,-
2025-06-03 07:58:09.054373,SSD,52.800422691343975,25,65,False,-
2025-06-03 08:08:09.054374,RAM,39.519700501376754,30,75,False,-
2025-06-03 08:18:09.054376,GPU,45.74636663142838,30,55,False,-
2025-06-03 08:28:09.054378,SSD,36.48411787437056,35,70,False,-
2025-06-03 08:38:09.054380,CPU,39.82505754751519,30,75,False,-
2025-06-03 08:48:09.054381,CPU,48.85400317817755,40,70,False,-
2025-06-03 08:58:09.054383,CPU,36.86516471106116,40,60,True,-
2025-06-03 09:08:09.054385,CPU,49.062242789984644,40,60,False,-
2025-06-03 09:18:09.054386,RAM,43.538759677277376,35,60,False,-
2025-06-03 09:28:09.054388,CPU,37.18766612052866,40,70,True,-
2025-06-03 09:38:09.054390,SSD,43.1620386952776,30,75,False,-
2025-06-03 09:48:09.054391,Motherboard,44.86277224813365,25,60,False,-
2025-06-03 09:58:09.054393,CPU,43.10904981108598,25,75,False,-
2025-06-03 10:08:09.054395,RAM,32.14887640054772,45,70,True,-
2025-06-03 10:18:09.054396,RAM,36.364314120875655,30,75,False,-
2025-06-03 10:28:09.054398,CPU,38.762406822242475,40,70,True,-
2025-06-03 10:38:09.054399,Motherboard,39.62783285449977,25,70,False,-
2025-06-03 10:48:09.054409,CPU,43.10336048775339,30,55,False,-
2025-06-03 10:58:09.054411,RAM,40.88850500466627,25,70,False,-
2025-06-03 11:08:09.054413,GPU,33.323278206449494,40,70,True,-
2025-06-03 11:18:09.054414,SSD,41.90098925502981,25,65,False,-
2025-06-03 11:28:09.054416,RAM,43.05292872641912,45,60,True,-
2025-06-03 11:38:09.054418,CPU,42.7989522396552,45,55,True,-
2025-06-03 11:48:09.054419,SSD,45.40390362777311,25,55,False,-
2025-06-03 11:58:09.054421,CPU,44.16961077274452,30,55,False,-
2025-06-03 12:08:09.054422,CPU,42.29590039614219,30,65,False,-
2025-06-03 12:18:09.054424,GPU,39.649171442706766,30,70,False,-
2025-06-03 12:28:09.054426,SSD,31.69519533242004,25,60,False,-
2025-06-03 12:38:09.054428,SSD,42.14809109566293,30,75,False,-
2025-06-03 12:48:09.054430,GPU,41.03843843581556,40,70,False,-
2025-06-03 12:58:09.054431,RAM,41.35789418597687,45,65,True,-
2025-06-03 13:08:09.054433,CPU,33.61625712089845,40,70,True,-
2025-06-03 13:18:09.054435,Motherboard,34.59471729795869,30,70,False,-
2025-06-03 13:28:09.054436,CPU,45.26576426666452,40,65,False,-
2025-06-03 13:38:09.054438,CPU,39.802224230716725,30,55,False,-
2025-06-03 13:48:09.054440,RAM,43.40750348686312,25,55,False,-
2025-06-03 13:58:09.054441,CPU,40.14159188065231,40,60,False,-
2025-06-03 14:08:09.054443,GPU,40.14878069747873,25,60,False,-
2025-06-03 14:18:09.054444,GPU,44.69141902987999,25,55,False,-
2025-06-03 14:28:09.054446,SSD,37.41977635891313,35,75,False,-
2025-06-03 14:38:09.054448,Motherboard,40.48060388470492,30,70,False,-
2025-06-03 14:48:09.054449,CPU,37.68862355647479,45,75,True,-
2025-06-03 14:58:09.054451,CPU,37.827518862838424,30,70,False,-
2025-06-03 15:08:09.054453,RAM,38.454139382656805,45,55,True,-
2025-06-03 15:18:09.054454,GPU,41.110668858168566,30,60,False,-
2025-06-03 15:28:09.054456,Motherboard,37.60625689168261,25,60,False,-
2025-06-03 15:38:09.054458,SSD,46.278780627867604,40,75,False,-
2025-06-03 15:48:09.054459,GPU,35.52696348890248,40,60,True,-
2025-06-03 15:58:09.054461,SSD,39.06564177919321,35,55,False,-
2025-06-03 16:08:09.054462,RAM,37.801344708629124,45,75,True,-
2025-06-03 16:18:09.054464,RAM,47.23488942176866,45,70,False,-
2025-06-03 16:28:09.054466,CPU,40.98277388255787,45,60,True,-
2025-06-03 16:38:09.054467,Motherboard,45.159222697343175,25,65,False,-
2025-06-03 16:48:09.054469,SSD,32.57219813481514,45,60,True,-
2025-06-03 16:58:09.054471,GPU,41.33525132934629,40,70,False,-
2025-06-03 17:08:09.054473,RAM,44.44815397811718,25,75,False,-
2025-06-03 17:18:09.054475,CPU,40.41141994637712,30,70,False,-
2025-06-03 17:28:09.054476,CPU,45.32740187532676,45,65,False,-
2025-06-03 17:38:09.054478,SSD,37.41355774949814,45,55,True,-
2025-06-03 17:48:09.054480,RAM,47.0467372009279,30,60,False,-
2025-06-03 17:58:09.054481,Motherboard,51.49449061809625,45,75,False,-
2025-06-03 18:08:09.054483,RAM,38.18580719780171,30,55,False,-
2025-06-03 18:18:09.054484,SSD,37.77248739299614,25,70,False,-
2025-06-03 18:28:09.054486,SSD,47.2669223855885,40,75,False,-
2025-06-03 18:38:09.054488,RAM,47.89786072865356,30,55,False,-
2025-06-03 18:48:09.054489,SSD,37.38569986423366,35,75,False,-
2025-06-03 18:58:09.054491,RAM,37.89906591452071,30,65,False,-
2025-06-03 19:08:09.054493,GPU,38.59107695569747,45,65,True,-
2025-06-03 19:18:09.054494,RAM,33.27774744482861,25,60,False,-
2025-06-03 19:28:09.054496,RAM,35.40674026757901,25,60,False,-
2025-06-03 19:38:09.054498,SSD,34.97929616623966,30,65,False,-
2025-06-03 19:48:09.054499,SSD,36.16101217447936,40,75,True,-
2025-06-03 19:58:09.054501,CPU,39.82657556306609,35,65,False,-
2025-06-03 20:08:09.054503,CPU,41.1710736626826,25,60,False,-
2025-06-03 20:18:09.054504,GPU,47.75250246407038,45,65,False,-
2025-06-03 20:28:09.054506,CPU,35.00822979630605,45,65,True,-
2025-06-03 20:38:09.054507,RAM,44.92161199238292,40,75,False,-
2025-06-03 20:48:09.054509,SSD,38.93005577887246,25,55,False,-
2025-06-03 20:58:09.054511,CPU,39.752681451737836,30,60,False,-
2025-06-03 21:08:09.054512,CPU,43.37409746083302,45,75,True,-
2025-06-03 21:18:09.054514,GPU,34.386389892188504,40,65,True,-
2025-06-03 21:28:09.054516,GPU,41.912048730920255,25,65,False,-
2025-06-03 21:38:09.054517,RAM,40.83226104106528,25,55,False,-
2025-06-03 21:48:09.054519,SSD,42.462256320040744,25,60,False,-
2025-06-03 21:58:09.054521,GPU,41.44584321953909,25,60,False,-
2025-06-03 22:08:09.054522,CPU,52.276500699554475,25,70,False,-
2025-06-03 22:18:09.054524,SSD,36.81130007874342,45,60,True,-
2025-06-03 22:28:09.054526,SSD,37.34501522499091,40,55,True,-
2025-06-03 22:38:09.054528,CPU,36.88429736787618,25,70,False,-
2025-06-03 22:48:09.054529,GPU,37.22261440419873,35,70,False,-
2025-06-03 22:58:09.054531,CPU,36.81306436346741,35,65,False,-
2025-06-03 23:08:09.054532,SSD,45.94508265553776,40,65,False,-
2025-06-03 23:18:09.054534,Motherboard,47.102521239949276,30,60,False,-
2025-06-03 23:28:09.054536,Motherboard,37.146268531252616,30,70,False,-
2025-06-03 23:38:09.054537,RAM,35.838222134478855,30,65,False,-
2025-06-03 23:48:09.054539,CPU,42.35707778193202,35,55,False,-
2025-06-03 23:58:09.054541,CPU,37.23888477859514,30,65,False,-
2025-06-04 00:08:09.054542,RAM,43.164659088777555,45,65,True,-
2025-06-04 00:18:09.054544,RAM,41.0146151042565,25,70,False,-
2025-06-04 00:28:09.054546,RAM,32.42127942501384,35,70,True,-
2025-06-04 00:38:09.054547,SSD,47.737526006650306,40,75,False,-
2025-06-04 00:48:09.054549,CPU,48.97938836547761,40,55,False,-
2025-06-04 00:58:09.054552,SSD,36.93605654757807,25,70,False,-
2025-06-04 01:08:09.054554,RAM,38.06149220032008,35,60,False,-
2025-06-04 01:18:09.054556,CPU,41.429326953624525,30,55,False,-
2025-06-04 01:28:09.054557,SSD,41.67228394993513,30,55,False,-
2025-06-04 01:38:09.054566,SSD,43.29272136336415,45,70,True,-
2025-06-04 01:48:09.054568,RAM,50.05102269383175,45,55,False,-
2025-06-04 01:58:09.054570,CPU,39.11526386252975,30,70,False,-
2025-06-04 02:08:09.054571,RAM,36.00851377730773,40,65,True,-
2025-06-04 02:18:09.054573,CPU,33.10340385992736,40,75,True,-
2025-06-04 02:28:09.054574,Motherboard,36.34534980029041,45,65,True,-
2025-06-04 02:38:09.054576,GPU,39.83436513563102,25,70,False,-
2025-06-04 02:48:09.054578,GPU,48.97278931758894,30,70,False,-
2025-06-04 02:58:09.054580,GPU,37.41194350481914,45,65,True,-
2025-06-04 03:08:09.054581,RAM,41.11893975819449,45,60,True,-
2025-06-04 03:18:09.054583,Motherboard,39.917885519636236,30,60,False,-
2025-06-04 03:28:09.054585,CPU,45.94196636724042,30,60,False,-
2025-06-04 03:38:09.054586,SSD,52.63466212936811,40,70,False,-
2025-06-04 03:48:09.054588,CPU,37.3456561353984,25,55,False,-
2025-06-04 03:58:09.054589,SSD,37.552802787408886,25,70,False,-
2025-06-04 04:08:09.054591,CPU,45.22080438534536,30,55,False,-
2025-06-04 04:18:09.054593,Motherboard,43.409457448131555,35,65,False,-
2025-06-04 04:28:09.054595,SSD,49.23353662868017,45,75,False,-
2025-06-04 04:38:09.054597,RAM,42.91964092662982,45,55,True,-
2025-06-04 04:48:09.054598,CPU,38.203539546064704,30,60,False,-
2025-06-04 04:58:09.054600,CPU,42.95327415346155,35,70,False,-
2025-06-04 05:08:09.054602,SSD,45.54351790291454,40,65,False,-
2025-06-04 05:18:09.054603,RAM,44.10241090598682,30,60,False,-
2025-06-04 05:28:09.054605,RAM,42.53637015553649,30,65,False,-
2025-06-04 05:38:09.054606,Motherboard,45.33337344794577,45,75,False,-
2025-06-04 05:48:09.054608,RAM,45.84647795222836,30,70,False,-
2025-06-04 05:58:09.054610,RAM,46.91079495518763,30,70,False,-
2025-06-04 06:08:09.054611,RAM,43.24354943794821,30,75,False,-
2025-06-04 06:18:09.054613,GPU,39.16440959841573,45,70,True,-
2025-06-04 06:28:09.054615,Motherboard,40.733568432166614,40,55,False,-
2025-06-04 06:38:09.054616,CPU,46.03254483254179,40,65,False,-
2025-06-04 06:48:09.054618,SSD,35.91532164506382,30,60,False,-
2025-06-04 06:58:09.054619,CPU,41.84336654436451,45,75,True,-
2025-06-04 07:08:09.054621,Motherboard,38.0333059383632,40,55,True,-
2025-06-04 07:18:09.054623,SSD,40.143724114674086,40,60,False,-
2025-06-04 07:28:09.054624,Motherboard,46.39225931303649,40,60,False,-
2025-06-04 07:38:09.054626,RAM,40.95549534009952,45,75,True,-
2025-06-04 07:48:09.054627,SSD,40.23218274078074,45,55,True,-
2025-06-04 07:58:09.054629,RAM,33.200719295100406,30,60,False,-
2025-06-04 08:08:09.054631,CPU,43.731267830136105,25,60,False,-
2025-06-04 08:18:09.054632,CPU,43.22742090570538,40,55,False,-
2025-06-04 08:28:09.054634,SSD,50.8162736165273,25,70,False,-
2025-06-04 08:38:09.054636,SSD,38.461108825234994,45,60,True,-
2025-06-04 08:48:09.054637,Motherboard,41.0957516383197,45,65,True,-
2025-06-04 08:58:09.054639,Motherboard,41.246918418553776,45,55,True,-
2025-06-04 09:08:09.054641,RAM,47.887266398817374,25,60,False,-
2025-06-04 09:18:09.054642,SSD,39.52352233806524,45,75,True,-
2025-06-04 09:28:09.054644,CPU,41.3951076288517,30,65,False,-
2025-06-04 09:38:09.054645,Motherboard,43.0394825485827,45,60,True,-
2025-06-04 09:48:09.054647,Motherboard,40.93304561578179,35,65,False,-
2025-06-04 09:58:09.054649,CPU,37.76783192724736,25,65,False,-
2025-06-04 10:08:09.054650,Motherboard,40.970449964491536,35,70,False,-
2025-06-04 10:18:09.054652,RAM,45.36815874929886,45,65,False,-
2025-06-04 10:28:09.054653,SSD,34.867423502944696,30,70,False,-
2025-06-04 10:38:09.054655,CPU,40.66484837073438,40,55,False,-
2025-06-04 10:48:09.054657,SSD,36.499395925304135,45,70,True,-
2025-06-04 10:58:09.054658,Motherboard,45.97523314462421,30,75,False,-
2025-06-04 11:08:09.054661,Motherboard,32.384065476081126,25,60,False,-
2025-06-04 11:18:09.054662,CPU,37.20539076364206,35,55,False,-
2025-06-04 11:28:09.054664,RAM,41.8860593753226,35,55,False,-
2025-06-04 11:38:09.054665,GPU,47.827620146171704,35,75,False,-
2025-06-04 11:48:09.054667,CPU,39.67124869463506,25,70,False,-
2025-06-04 11:58:09.054669,GPU,37.22400236653401,30,60,False,-
2025-06-04 12:08:09.054670,GPU,49.40578534720295,25,70,False,-
2025-06-04 12:18:09.054672,RAM,32.75993049791878,35,65,True,-
2025-06-04 12:28:09.054674,GPU,29.00597021689959,45,70,True,-
2025-06-04 12:38:09.054675,GPU,42.200072250266665,40,55,False,-
2025-06-04 12:48:09.054677,RAM,37.489728878236946,25,60,False,-
2025-06-04 12:58:09.054678,GPU,34.89383591434643,25,70,False,-
2025-06-04 13:08:09.054680,GPU,43.541782236496765,30,60,False,-
2025-06-04 13:18:09.054682,GPU,41.219003568855996,30,60,False,-
2025-06-04 13:28:09.054683,CPU,37.17960684631636,25,65,False,-
2025-06-04 13:38:09.054685,CPU,33.59847800664553,35,65,True,-
2025-06-04 13:48:09.054686,CPU,44.36228664140072,40,55,False,-
2025-06-04 13:58:09.054688,RAM,43.251005889793305,30,75,False,-
2025-06-04 14:08:09.054690,Motherboard,39.50412068110309,35,60,False,-
2025-06-04 14:18:09.054691,GPU,49.23318498023833,45,75,False,-
2025-06-04 14:28:09.054693,GPU,34.64957616836924,30,55,False,-
2025-06-04 14:38:09.054695,RAM,32.372374145376305,35,60,True,-
2025-06-04 14:48:09.054696,GPU,36.540459650593775,35,60,False,-
2025-06-04 14:58:09.054698,CPU,39.77206991822251,40,75,True,-
2025-06-04 15:08:09.054700,Motherboard,41.21669724661346,40,70,False,-
2025-06-04 15:18:09.054703,SSD,38.79381971071835,45,65,True,-
2025-06-04 15:28:09.054706,GPU,41.76027698257148,35,70,False,-
2025-06-04 15:38:09.054707,CPU,33.74230287904778,35,75,True,-
2025-06-04 15:48:09.054709,SSD,47.2188230203663,40,65,False,-
2025-06-04 15:58:09.054711,Motherboard,39.58924410803716,30,70,False,-
2025-06-04 16:08:09.054712,SSD,45.58647915794064,30,65,False,-
2025-06-04 16:18:09.054714,CPU,41.71362673188852,25,60,False,-
2025-06-04 16:28:09.054716,SSD,42.28376609576892,40,70,False,-
2025-06-04 16:38:09.054717,RAM,42.84883640116102,25,65,False,-
2025-06-04 16:48:09.054719,SSD,42.23854280008658,40,65,False,-
2025-06-04 16:58:09.054720,GPU,43.21361379933772,45,65,True,-
2025-06-04 17:08:09.054722,GPU,46.64576265066216,35,70,False,-
2025-06-04 17:18:09.054724,RAM,40.98260584850735,45,55,True,-
2025-06-04 17:28:09.054725,CPU,43.54501878794256,40,70,False,-
2025-06-04 17:38:09.054727,GPU,39.55132152856387,35,75,False,-
2025-06-04 17:48:09.054729,Motherboard,47.200586077247365,30,70,False,-
2025-06-04 17:58:09.054730,GPU,36.61803848970365,30,65,False,-
2025-06-04 18:08:09.054732,GPU,49.004702164554075,25,60,False,-
2025-06-04 18:18:09.054733,CPU,39.79921024677828,40,70,True,-
2025-06-04 18:28:09.054736,SSD,32.84612448940976,40,70,True,-
2025-06-04 18:38:09.054737,GPU,40.64052207455395,30,65,False,-
2025-06-04 18:48:09.054739,RAM,36.5947417126256,45,60,True,-
2025-06-04 18:58:09.054741,SSD,44.20321774494362,35,60,False,-
2025-06-04 19:08:09.054742,Motherboard,36.73688010348805,45,75,True,-
2025-06-04 19:18:09.054744,CPU,37.7690828339261,45,70,True,-
2025-06-04 19:28:09.054746,Motherboard,30.552296345272346,30,60,False,-
2025-06-04 19:38:09.054747,SSD,37.73846840375462,30,60,False,-
2025-06-04 19:48:09.054749,SSD,27.88060336685522,30,55,True,-
2025-06-04 19:58:09.054750,SSD,32.08048588257138,25,55,False,-
2025-06-04 20:08:09.054752,Motherboard,43.80207328072149,45,60,True,-
2025-06-04 20:18:09.054754,SSD,43.92900079325416,40,75,False,-
2025-06-04 20:28:09.054755,Motherboard,42.12728780892483,35,60,False,-
2025-06-04 20:38:09.054757,SSD,35.165119284353935,25,65,False,-
2025-06-04 20:48:09.054759,RAM,39.7614432192901,40,70,True,-
2025-06-04 20:58:09.054760,SSD,39.98198730454716,45,75,True,-
2025-06-04 21:08:09.054762,Motherboard,34.20817655403729,30,65,False,-
2025-06-04 21:18:09.054763,GPU,47.51699150883575,45,75,False,-
2025-06-04 21:28:09.054765,SSD,44.386811452878355,35,65,False,-
2025-06-04 21:38:09.054767,GPU,38.89517913085168,25,70,False,-
2025-06-04 21:48:09.054768,RAM,40.134429194972654,25,70,False,-
2025-06-04 21:58:09.054770,CPU,41.04191403973776,35,55,False,-
2025-06-04 22:08:09.054772,RAM,29.791325657878545,40,65,True,-
2025-06-04 22:18:09.054773,SSD,38.764113087397014,40,55,True,-
2025-06-04 22:28:09.054775,GPU,36.59007876001101,25,65,False,-
2025-06-04 22:38:09.054776,GPU,34.99189995052542,25,55,False,-
2025-06-04 22:48:09.054778,Motherboard,38.594498535570224,30,70,False,-
2025-06-04 22:58:09.054780,GPU,48.988432634247616,40,75,False,-
2025-06-04 23:08:09.054781,Motherboard,43.20421430633505,35,55,False,-
2025-06-04 23:18:09.054783,CPU,37.144105051086015,40,65,True,-
2025-06-04 23:28:09.054785,SSD,42.86291390678079,30,65,False,-
2025-06-04 23:38:09.054786,Motherboard,46.99677718293001,25,70,False,-
2025-06-04 23:48:09.054788,CPU,44.62316841456384,25,65,False,-
2025-06-04 23:58:09.054789,GPU,40.29815184960087,30,60,False,-
2025-06-05 00:08:09.054791,GPU,36.76531611147213,35,75,False,-
2025-06-05 00:18:09.054793,CPU,43.49111656806795,25,55,False,-
2025-06-05 00:28:09.054794,GPU,41.96742692710875,45,75,True,-
2025-06-05 00:38:09.054796,CPU,44.47596610013866,25,70,False,-
2025-06-05 00:48:09.054798,Motherboard,43.175859008409844,45,55,True,-
2025-06-05 00:58:09.054799,Motherboard,45.247763576596675,30,55,False,-
2025-06-05 01:08:09.054801,CPU,37.32382394219716,30,60,False,-
2025-06-05 01:18:09.054802,Motherboard,46.58697032817163,25,70,False,-
2025-06-05 01:28:09.054804,Motherboard,40.987998023462,40,65,False,-
2025-06-05 01:38:09.054806,Motherboard,50.37630436312632,45,60,False,-
2025-06-05 01:48:09.054807,RAM,36.55406090955216,35,60,False,-
2025-06-05 01:58:09.054809,SSD,48.67981901582625,25,75,False,-
2025-06-05 02:08:09.054811,GPU,40.98955391731324,35,75,False,-
2025-06-05 02:18:09.054812,RAM,36.74290998192776,25,75,False,-
2025-06-05 02:28:09.054814,Motherboard,37.580570829728394,40,60,True,-
2025-06-05 02:38:09.054816,CPU,38.3982634590284,40,65,True,-
2025-06-05 02:48:09.054818,Motherboard,42.12082973200958,40,55,False,-
2025-06-05 02:58:09.054819,SSD,42.6141774401775,40,75,False,-
2025-06-05 03:08:09.054821,Motherboard,37.131499980307105,30,65,False,-
2025-06-05 03:18:09.054822,CPU,39.87822703869509,30,70,False,-
2025-06-05 03:28:09.054824,SSD,50.71135179305932,45,75,False,-
2025-06-05 03:38:09.054826,Motherboard,48.637715850503554,35,55,False,-
2025-06-05 03:48:09.054827,SSD,42.18161834837016,25,70,False,-
2025-06-05 03:58:09.054829,GPU,40.190017390841,25,70,False,-
2025-06-05 04:08:09.054831,GPU,40.600156633591304,30,55,False,-
2025-06-05 04:18:09.054832,Motherboard,43.06758986365208,25,75,False,-
2025-06-05 04:28:09.054834,SSD,34.886037174007974,30,60,False,-
2025-06-05 04:38:09.054835,CPU,38.71311731288328,45,55,True,-
2025-06-05 04:48:09.054837,Motherboard,31.657079630612053,35,55,True,-
2025-06-05 04:58:09.054839,GPU,41.9961156130264,45,55,True,-
2025-06-05 05:08:09.054840,GPU,43.2359796985137,40,70,False,-
2025-06-05 05:18:09.054843,Motherboard,37.58406768850313,40,65,True,-
2025-06-05 05:28:09.054845,SSD,47.869933816450164,40,60,False,-
2025-06-05 05:38:09.054846,GPU,33.8711716849883,45,75,True,-
2025-06-05 05:48:09.054848,SSD,32.6781255989509,25,75,False,-
2025-06-05 05:58:09.054850,GPU,41.12225909279986,35,65,False,-
2025-06-05 06:08:09.054851,GPU,45.23549151306077,40,55,False,-
2025-06-05 06:18:09.054853,RAM,48.419638457289345,40,60,False,-
2025-06-05 06:28:09.054855,GPU,37.7055786856553,40,75,True,-
2025-06-05 06:38:09.054856,CPU,45.393404167156476,35,75,False,-
2025-06-05 06:48:09.054858,Motherboard,39.80745765249647,40,55,True,-
2025-06-05 06:58:09.054859,Motherboard,39.1368635002959,35,65,False,-
2025-06-05 07:08:09.054861,SSD,44.41829968743336,40,60,False,-
2025-06-05 07:18:09.054863,GPU,43.261614392067095,45,65,True,-
2025-06-05 07:28:09.054864,CPU,32.11803921507875,45,65,True,-
2025-06-05 07:38:09.054866,SSD,47.38270174862948,35,60,False,-
2025-06-05 07:48:09.054868,RAM,46.90045677073726,45,60,False,-
2025-06-05 07:58:09.054869,SSD,36.87218649245235,35,75,False,-
2025-06-05 08:08:09.054871,SSD,41.979017667187044,45,75,True,-
2025-06-05 08:18:09.054872,GPU,42.47015093141369,45,60,True,-
2025-06-05 08:28:09.054874,RAM,41.303368829119535,35,70,False,-
2025-06-05 08:38:09.054882,SSD,37.2484742307729,25,75,False,-
2025-06-05 08:48:09.054884,CPU,36.641883160309746,45,70,True,-
2025-06-05 08:58:09.054885,CPU,39.87222964504277,40,60,True,-
2025-06-05 09:08:09.054887,Motherboard,45.86364509629682,25,75,False,-
2025-06-05 09:18:09.054889,RAM,42.71800077297216,35,65,False,-
2025-06-05 09:28:09.054890,RAM,38.14692833956947,25,60,False,-
2025-06-05 09:38:09.054892,Motherboard,43.85849355324172,30,55,False,-
2025-06-05 09:48:09.054894,SSD,25.75728689684962,30,70,True,-
2025-06-05 09:58:09.054895,RAM,45.74382850186052,45,60,False,-
2025-06-05 10:08:09.054897,CPU,31.301431106109504,45,60,True,-
2025-06-05 10:18:09.054899,CPU,38.18779529298434,40,75,True,-
2025-06-05 10:28:09.054905,GPU,34.40165052686928,25,75,False,-
2025-06-05 10:38:09.054907,RAM,33.52659262139547,30,75,False,-
2025-06-05 10:48:09.054908,SSD,45.8041339368926,45,55,False,-
2025-06-05 10:58:09.054910,Motherboard,37.661493993440544,25,75,False,-
2025-06-05 11:08:09.054912,Motherboard,41.73251940865358,45,60,True,-
2025-06-05 11:18:09.054913,SSD,39.76539710560408,45,75,True,-
2025-06-05 11:28:09.054915,GPU,42.385204136115604,30,65,False,-
2025-06-05 11:38:09.054917,Motherboard,40.38410945530128,30,75,False,-
2025-06-05 11:48:09.054919,RAM,33.58503887905715,45,55,True,-
2025-06-05 11:58:09.054921,GPU,44.9813340972357,35,65,False,-
2025-06-05 12:08:09.054923,RAM,37.531217084193436,45,60,True,-
2025-06-05 12:18:09.054924,CPU,32.21709050670125,45,60,True,-
2025-06-05 12:28:09.054926,GPU,37.85942419517044,40,70,True,-
2025-06-05 12:38:09.054927,Motherboard,47.503798953171554,40,65,False,-
2025-06-05 12:48:09.054929,GPU,44.251108710567465,40,70,False,-
2025-06-05 12:58:09.054931,GPU,38.2567393279607,35,65,False,-
2025-06-05 13:08:09.054932,GPU,38.25371147840786,35,65,False,-
2025-06-05 13:18:09.054934,GPU,38.391824743913084,45,55,True,-
2025-06-05 13:28:09.054936,RAM,50.383739917804206,40,70,False,-
2025-06-05 13:38:09.054937,CPU,41.90967726115777,35,55,False,-
2025-06-05 13:48:09.054939,SSD,42.15020823595535,30,65,False,-
2025-06-05 13:58:09.054941,GPU,45.151417270159214,45,60,False,-
2025-06-05 14:08:09.054942,Motherboard,41.19394579513257,25,65,False,-
2025-06-05 14:18:09.054944,GPU,38.704789270896484,45,55,True,-
2025-06-05 14:28:09.054945,Motherboard,39.01825075457511,25,70,False,-
2025-06-05 14:38:09.054947,RAM,39.64199370292968,40,70,True,-
2025-06-05 14:48:09.054949,Motherboard,39.813888817450795,25,55,False,-
2025-06-05 14:58:09.054950,SSD,43.6381477181849,40,70,False,-
2025-06-05 15:08:09.054952,CPU,40.2597294290365,30,75,False,-
2025-06-05 15:18:09.054954,Motherboard,43.6632003860779,25,60,False,-
2025-06-05 15:28:09.054955,Motherboard,39.596417099457085,45,60,True,-
2025-06-05 15:38:09.054957,CPU,40.39317595158045,40,60,False,-
2025-06-05 15:48:09.054959,SSD,30.00899657733946,45,70,True,-
2025-06-05 15:58:09.054960,GPU,44.581638373512405,35,70,False,-
2025-06-05 16:08:09.054962,Motherboard,41.73244237948996,40,65,False,-
2025-06-05 16:18:09.054963,CPU,44.99005054929826,25,65,False,-
2025-06-05 16:28:09.054965,RAM,25.518723109031555,40,60,True,-
2025-06-05 16:38:09.054967,CPU,50.44187352390364,45,75,False,-
2025-06-05 16:48:09.054968,RAM,39.30205185922413,30,65,False,-
2025-06-05 16:58:09.054970,SSD,45.54091408368758,40,65,False,-
2025-06-05 17:08:09.054972,GPU,34.800470364372345,25,70,False,-
2025-06-05 17:18:09.054973,CPU,43.063869525312846,35,75,False,-
2025-06-05 17:28:09.054975,Motherboard,34.732922184131716,30,60,False,-
2025-06-05 17:38:09.054976,SSD,36.88115519652097,35,65,False,-
2025-06-05 17:48:09.054978,CPU,49.570156769333934,40,75,False,-
2025-06-05 17:58:09.054980,Motherboard,39.04658799618327,45,75,True,-
2025-06-05 18:08:09.054981,CPU,41.087164365898616,45,60,True,-
2025-06-05 18:18:09.054983,RAM,44.35033865344377,25,75,False,-
2025-06-05 18:28:09.054985,CPU,42.47840943986302,45,75,True,-
2025-06-05 18:38:09.054986,CPU,40.75209452571788,30,75,False,-
2025-06-05 18:48:09.054988,CPU,41.824805012331126,45,65,True,-
2025-06-05 18:58:09.054989,SSD,52.01707792619138,25,60,False,-
2025-06-05 19:08:09.054991,CPU,39.711906014832074,40,75,True,-
2025-06-05 19:18:09.054993,Motherboard,41.005495233574834,40,75,False,-
2025-06-05 19:28:09.054996,RAM,45.25327198003806,45,65,False,-
2025-06-05 19:38:09.054998,RAM,45.52762966478992,35,60,False,-
2025-06-05 19:48:09.054999,CPU,45.9351515278019,40,70,False,-
2025-06-05 19:58:09.055001,SSD,43.19365111014592,45,65,True,-
2025-06-05 20:08:09.055002,SSD,34.28497543634758,25,60,False,-
2025-06-05 20:18:09.055004,Motherboard,48.16715766150548,45,75,False,-
2025-06-05 20:28:09.055006,CPU,34.26827303490656,40,60,True,-
2025-06-05 20:38:09.055007,RAM,41.51317732619517,25,60,False,-
2025-06-05 20:48:09.055009,SSD,36.22862074990321,45,60,True,-
2025-06-05 20:58:09.055011,CPU,39.67930826703504,30,70,False,-
2025-06-05 21:08:09.055012,SSD,41.6438120515174,25,60,False,-
2025-06-05 21:18:09.055014,SSD,41.606786077251364,30,70,False,-
2025-06-05 21:28:09.055015,RAM,42.109603771176424,35,75,False,-
2025-06-05 21:38:09.055017,GPU,48.06855634529323,25,70,False,-
2025-06-05 21:48:09.055019,Motherboard,42.2676715075699,30,75,False,-
2025-06-05 21:58:09.055020,Motherboard,38.779216823546754,40,75,True,-
2025-06-05 22:08:09.055022,RAM,44.820435841441785,40,70,False,-
2025-06-05 22:18:09.055023,SSD,45.947352444623206,35,65,False,-
2025-06-05 22:28:09.055028,CPU,33.861960924315035,25,55,False,-
2025-06-05 22:38:09.055030,SSD,42.98700034924929,25,60,False,-
2025-06-05 22:48:09.055031,RAM,43.50586371155449,25,55,False,-
2025-06-05 22:58:09.055033,Motherboard,38.51218248320004,35,60,False,-
2025-06-05 23:08:09.055035,SSD,46.878534066558096,25,60,False,-
2025-06-05 23:18:09.055036,Motherboard,39.249722064837364,40,75,True,-
2025-06-05 23:28:09.055038,CPU,40.62788226735771,30,60,False,-
2025-06-05 23:38:09.055039,Motherboard,39.134640878580655,40,60,True,-
2025-06-05 23:48:09.055041,Motherboard,40.077895237907335,40,70,False,-
2025-06-05 23:58:09.055043,GPU,34.51862456552399,30,55,False,-
2025-06-06 00:08:09.055044,GPU,32.799745587028525,40,70,True,-
2025-06-06 00:18:09.055046,GPU,47.97252531612486,35,60,False,-
2025-06-06 00:28:09.055048,Motherboard,35.76519325840836,30,75,False,-
2025-06-06 00:38:09.055049,RAM,35.04303825271846,40,70,True,-
2025-06-06 00:48:09.055051,Motherboard,29.233049431981428,45,70,True,-
2025-06-06 00:58:09.055053,RAM,36.80519126155249,40,65,True,-
2025-06-06 01:08:09.055054,RAM,33.384551032962506,35,60,True,-
2025-06-06 01:18:09.055056,GPU,48.21007580068185,25,75,False,-
2025-06-06 01:28:09.055057,SSD,45.04908544671317,40,70,False,-
2025-06-06 01:38:09.055059,CPU,36.55924827411138,25,70,False,-
2025-06-06 01:48:09.055061,GPU,51.26217902672154,45,75,False,-
2025-06-06 01:58:09.055062,GPU,44.90882743495797,40,60,False,-
2025-06-06 02:08:09.055064,SSD,38.37584308245689,30,65,False,-
2025-06-06 02:18:09.055066,CPU,27.502971425632133,25,70,False,-
2025-06-06 02:28:09.055067,Motherboard,51.45471286295371,45,65,False,-
2025-06-06 02:38:09.055069,Motherboard,33.05213766618202,30,55,False,-
2025-06-06 02:48:09.055070,GPU,31.773006265215542,30,60,False,-
2025-06-06 02:58:09.055072,CPU,45.1128521600482,30,55,False,-
2025-06-06 03:08:09.055074,GPU,52.19876203169636,30,55,False,-
2025-06-06 03:18:09.055075,RAM,46.921364092552594,40,55,False,-
2025-06-06 03:28:09.055077,GPU,42.8195456002618,40,60,False,-
2025-06-06 03:38:09.055078,GPU,42.97377170832643,40,60,False,-
2025-06-06 03:48:09.055080,Motherboard,44.267077793901535,45,75,True,-
2025-06-06 03:58:09.055082,Motherboard,43.79464294893383,45,65,True,-
2025-06-06 04:08:09.055083,Motherboard,41.40595711984688,45,65,True,-
2025-06-06 04:18:09.055085,RAM,40.52100551975938,35,75,False,-
2025-06-06 04:28:09.055087,Motherboard,39.68703436050239,45,75,True,-
2025-06-06 04:38:09.055088,CPU,36.230177055666616,40,55,True,-
2025-06-06 04:48:09.055090,SSD,38.59662461566613,40,75,True,-
2025-06-06 04:58:09.055091,CPU,31.535215929023074,35,70,True,-
2025-06-06 05:08:09.055093,CPU,39.50830186602625,35,65,False,-
2025-06-06 05:18:09.055095,Motherboard,35.057044464245415,45,75,True,-
2025-06-06 05:28:09.055096,SSD,34.48205341392114,25,70,False,-
2025-06-06 05:38:09.055098,SSD,40.89947075576739,35,70,False,-
2025-06-06 05:48:09.055100,SSD,46.960011431723,30,70,False,-
2025-06-06 05:58:09.055101,RAM,44.59158303001156,40,70,False,-
2025-06-06 06:08:09.055103,Motherboard,32.14749698188412,30,55,False,-
2025-06-06 06:18:09.055104,SSD,35.05185931714831,40,70,True,-
2025-06-06 06:28:09.055106,RAM,44.70385593994108,40,55,False,-
2025-06-06 06:38:09.055108,GPU,35.08756303230845,35,55,False,-
2025-06-06 06:48:09.055109,GPU,38.87683425001488,35,70,False,-
2025-06-06 06:58:09.055111,RAM,42.75026049512276,30,65,False,-
2025-06-06 07:08:09.055112,RAM,35.15827772568183,40,70,True,-
2025-06-06 07:18:09.055114,Motherboard,40.5268775307298,30,70,False,-
2025-06-06 07:28:09.055116,Motherboard,33.32987252540898,25,70,False,-
2025-06-06 07:38:09.055117,GPU,36.99316178024393,30,65,False,-
2025-06-06 07:48:09.055119,SSD,41.598909670712686,45,60,True,-
2025-06-06 07:58:09.055121,GPU,32.03503133234165,30,60,False,-
2025-06-06 08:08:09.055122,SSD,42.202373689801995,45,55,True,-
2025-06-06 08:18:09.055124,SSD,39.901811005366596,45,55,True,-
2025-06-06 08:28:09.055125,Motherboard,42.76244977208574,45,65,True,-
2025-06-06 08:38:09.055127,CPU,41.119570670323306,25,75,False,-
2025-06-06 08:48:09.055129,CPU,46.82070214986922,30,60,False,-
2025-06-06 08:58:09.055130,RAM,40.62612251323954,30,55,False,-
2025-06-06 09:08:09.055132,Motherboard,37.852972294373735,25,60,False,-
2025-06-06 09:18:09.055134,SSD,40.61148751516142,40,65,False,-
2025-06-06 09:28:09.055135,CPU,42.716490145181936,35,65,False,-
2025-06-06 09:38:09.055138,SSD,40.244300351628524,30,75,False,-
2025-06-06 09:48:09.055140,CPU,40.20295845601941,35,75,False,-
2025-06-06 09:58:09.055141,CPU,36.490041560966226,25,65,False,-
2025-06-06 10:08:09.055143,CPU,36.68549541224526,40,55,True,-
2025-06-06 10:18:09.055145,Motherboard,32.98697364100153,40,60,True,-
2025-06-06 10:28:09.055147,GPU,48.7478837159347,40,70,False,-
2025-06-06 10:38:09.055149,SSD,33.780683823043574,25,75,False,-
2025-06-06 10:48:09.055150,Motherboard,36.53547401102046,45,70,True,-
2025-06-06 10:58:09.055152,Motherboard,36.40796367215401,45,55,True,-
2025-06-06 11:08:09.055154,Motherboard,44.474621884722204,35,75,False,-
2025-06-06 11:18:09.055155,Motherboard,38.52525160853986,45,70,True,-
2025-06-06 11:28:09.055157,Motherboard,46.23871036336867,45,55,False,-
2025-06-06 11:38:09.055158,RAM,36.63254687878066,40,60,True,-
2025-06-06 11:48:09.055160,SSD,41.39497081111901,40,55,False,-
2025-06-06 11:58:09.055162,Motherboard,35.823264733701215,35,75,False,-
2025-06-06 12:08:09.055163,SSD,50.72574563886694,30,65,False,-
2025-06-06 12:18:09.055165,RAM,34.062007904852436,35,60,True,-
2025-06-06 12:28:09.055167,RAM,41.54910355113514,35,70,False,-
2025-06-06 12:38:09.055168,SSD,43.168884404660496,25,75,False,-
2025-06-06 12:48:09.055170,CPU,42.06899548725749,25,65,False,-
2025-06-06 12:58:09.055171,GPU,39.07356170561146,35,55,False,-
2025-06-06 13:08:09.055173,CPU,39.35089650133287,35,65,False,-
2025-06-06 13:18:09.055175,CPU,40.21905735989555,35,75,False,-
2025-06-06 13:28:09.055176,CPU,39.264989991857554,45,75,True,-
2025-06-06 13:38:09.055178,Motherboard,44.81939558397455,25,65,False,-
2025-06-06 13:48:09.055180,RAM,51.05261500795676,35,55,False,-
2025-06-06 13:58:09.055181,CPU,37.21254107496083,40,65,True,-
2025-06-06 14:08:09.055183,RAM,33.15098510210461,40,75,True,-
2025-06-06 14:18:09.055184,SSD,39.55858975824373,45,75,True,-
2025-06-06 14:28:09.055186,GPU,52.898546688271594,45,70,False,-
2025-06-06 14:38:09.055188,SSD,35.98162716015135,30,70,False,-
2025-06-06 14:48:09.055189,SSD,48.195584027220335,30,60,False,-
2025-06-06 14:58:09.055191,Motherboard,48.388504070382204,30,75,False,-
2025-06-06 15:08:09.055193,GPU,37.23205879146003,45,70,True,-
2025-06-06 15:18:09.055194,SSD,42.84491539592638,45,65,True,-
2025-06-06 15:28:09.055196,SSD,48.14198311564269,45,55,False,-
2025-06-06 15:38:09.055204,GPU,38.10436129506257,40,65,True,-
2025-06-06 15:48:09.055206,GPU,38.98209819948819,45,55,True,-
2025-06-06 15:58:09.055207,SSD,37.09159543025678,40,70,True,-
2025-06-06 16:08:09.055209,GPU,34.92621634653567,30,60,False,-
2025-06-06 16:18:09.055211,SSD,36.75361227466996,30,65,False,-
2025-06-06 16:28:09.055212,SSD,33.880298666188715,30,65,False,-
2025-06-06 16:38:09.055214,Motherboard,40.17041734129613,35,65,False,-
2025-06-06 16:48:09.055216,CPU,36.150133844706794,35,55,False,-
2025-06-06 16:58:09.055217,SSD,41.168929558953735,25,70,False,-
2025-06-06 17:08:09.055219,RAM,32.22052176898186,25,65,False,-
2025-06-06 17:18:09.055220,CPU,41.654401161072286,25,65,False,-
2025-06-06 17:28:09.055222,CPU,44.16764480804462,35,60,False,-
2025-06-06 17:38:09.055224,CPU,30.031321787142723,35,60,True,-
2025-06-06 17:48:09.055225,Motherboard,41.87028284923786,25,70,False,-
2025-06-06 17:58:09.055227,SSD,46.13834496236646,25,70,False,-
2025-06-06 18:08:09.055229,Motherboard,33.951794906543974,45,75,True,-
2025-06-06 18:18:09.055230,SSD,48.362861934188516,25,60,False,-
2025-06-06 18:28:09.055232,Motherboard,42.095095046830224,45,75,True,-
2025-06-06 18:38:09.055234,Motherboard,36.47494072120796,40,55,True,-
2025-06-06 18:48:09.055235,RAM,39.72115461171147,35,75,False,-
2025-06-06 18:58:09.055237,Motherboard,42.791634562608614,25,65,False,-
2025-06-06 19:08:09.055239,GPU,40.38002695706206,35,75,False,-
2025-06-06 19:18:09.055240,RAM,42.693779962231844,35,70,False,-
2025-06-06 19:28:09.055242,Motherboard,35.39663203460317,35,55,False,-
2025-06-06 19:38:09.055244,CPU,40.84680412018039,40,65,False,-
2025-06-06 19:48:09.055245,GPU,32.9314275154751,30,75,False,-
2025-06-06 19:58:09.055247,GPU,39.443869693256495,25,55,False,-
2025-06-06 20:08:09.055249,GPU,35.48046179267605,30,55,False,-
2025-06-06 20:18:09.055250,RAM,36.322350287051165,30,65,False,-
2025-06-06 20:28:09.055252,Motherboard,46.18046587605219,30,75,False,-
2025-06-06 20:38:09.055254,Motherboard,45.45655060297135,35,55,False,-
2025-06-06 20:48:09.055255,CPU,43.045690604535885,45,55,True,-
2025-06-06 20:58:09.055257,CPU,34.538436176637106,35,60,True,-
2025-06-06 21:08:09.055259,GPU,38.41795775152599,35,55,False,-
2025-06-06 21:18:09.055260,CPU,46.06548849989592,30,60,False,-
2025-06-06 21:28:09.055262,RAM,40.70858456819953,35,75,False,-
2025-06-06 21:38:09.055264,Motherboard,51.59664769990847,30,75,False,-
2025-06-06 21:48:09.055265,GPU,41.96658919697186,45,75,True,-
2025-06-06 21:58:09.055267,CPU,40.960245582450156,25,70,False,-
2025-06-06 22:08:09.055269,RAM,38.4544176789875,30,75,False,-
2025-06-06 22:18:09.055270,RAM,40.66770452391141,45,55,True,-
2025-06-06 22:28:09.055272,CPU,39.23765081809728,25,65,False,-
2025-06-06 22:38:09.055274,Motherboard,43.54054338344295,40,60,False,-
2025-06-06 22:48:09.055275,CPU,44.783511583972924,30,70,False,-
2025-06-06 22:58:09.055277,GPU,36.070052697460255,30,75,False,-
2025-06-06 23:08:09.055279,CPU,33.343835232211106,40,75,True,-
2025-06-06 23:18:09.055280,RAM,30.818973134483517,40,65,True,-
2025-06-06 23:28:09.055282,CPU,42.53995663456272,30,65,False,-
2025-06-06 23:38:09.055284,Motherboard,34.483166969130636,40,70,True,-
2025-06-06 23:48:09.055286,SSD,29.235547035237587,35,60,True,-
2025-06-06 23:58:09.055290,CPU,41.94289302265482,25,75,False,-
2025-06-07 00:08:09.055292,Motherboard,52.46499758716395,25,70,False,-
2025-06-07 00:18:09.055293,Motherboard,39.96964544230053,25,55,False,-
2025-06-07 00:28:09.055295,RAM,44.19245387225821,35,55,False,-
2025-06-07 00:38:09.055297,Motherboard,40.40914679273782,40,70,False,-
2025-06-07 00:48:09.055298,Motherboard,39.50555173404429,45,75,True,-
2025-06-07 00:58:09.055300,Motherboard,44.59538241493884,40,70,False,-
2025-06-07 01:08:09.055302,Motherboard,38.548627279056745,30,75,False,-
2025-06-07 01:18:09.055303,GPU,41.33696157035951,25,65,False,-
2025-06-07 01:28:09.055305,GPU,41.60848903098007,40,70,False,-
2025-06-07 01:38:09.055307,RAM,36.659547731784755,45,75,True,-
2025-06-07 01:48:09.055308,CPU,44.960211747682614,30,70,False,-
2025-06-07 01:58:09.055310,Motherboard,39.12520121652296,35,70,False,-
2025-06-07 02:08:09.055312,CPU,36.221274202535774,35,75,False,-
2025-06-07 02:18:09.055314,CPU,42.68254921785202,45,75,True,-
2025-06-07 02:28:09.055315,RAM,35.50766009104481,30,60,False,-
2025-06-07 02:38:09.055317,Motherboard,40.14090578684564,25,70,False,-
2025-06-07 02:48:09.055319,Motherboard,39.954405016778985,40,55,True,-
2025-06-07 02:58:09.055320,SSD,45.42947782915789,30,70,False,-
2025-06-07 03:08:09.055322,CPU,42.373491164399766,35,70,False,-
2025-06-07 03:18:09.055324,CPU,39.87486520627428,45,75,True,-
2025-06-07 03:28:09.055325,GPU,44.08883149600143,45,70,True,-
2025-06-07 03:38:09.055327,SSD,46.951037745086566,40,70,False,-
2025-06-07 03:48:09.055329,GPU,42.78905153175931,45,55,True,-
2025-06-07 03:58:09.055330,GPU,40.051763099216906,45,75,True,-
2025-06-07 04:08:09.055332,GPU,33.4408188382492,30,70,False,-
2025-06-07 04:18:09.055333,RAM,34.67443168462314,25,65,False,-
2025-06-07 04:28:09.055335,RAM,38.473876478226664,40,60,True,-
2025-06-07 04:38:09.055337,GPU,36.952438989203586,30,55,False,-
2025-06-07 04:48:09.055338,SSD,39.06514348507277,25,70,False,-
2025-06-07 04:58:09.055340,CPU,40.283249624485535,30,65,False,-
2025-06-07 05:08:09.055342,SSD,42.64846377178365,30,70,False,-
2025-06-07 05:18:09.055343,Motherboard,39.647506109704544,45,70,True,-
2025-06-07 05:28:09.055345,RAM,42.43250821913101,25,75,False,-
2025-06-07 05:38:09.055347,CPU,40.3223720740506,40,75,False,-
2025-06-07 05:48:09.055348,CPU,30.12266716823064,40,75,True,-
2025-06-07 05:58:09.055350,Motherboard,35.30332303090623,25,65,False,-
2025-06-07 06:08:09.055352,Motherboard,39.27956222139192,45,70,True,-
2025-06-07 06:18:09.055353,GPU,33.951526285794465,35,60,True,-
2025-06-07 06:28:09.055355,RAM,42.999643649981024,30,55,False,-
2025-06-07 06:38:09.055357,RAM,47.65375416171849,45,75,False,-
2025-06-07 06:48:09.055358,SSD,46.09380925848659,25,75,False,-
2025-06-07 06:58:09.055360,GPU,38.93278564534896,30,70,False,-
2025-06-07 07:08:09.055362,GPU,47.45363068424976,40,70,False,-
2025-06-07 07:18:09.055363,GPU,40.74333728601056,35,65,False,-
2025-06-07 07:28:09.055365,GPU,38.31457014440981,40,65,True,-
2025-06-07 07:38:09.055367,RAM,36.9329866822953,25,75,False,-
2025-06-07 07:48:09.055368,RAM,38.48765156755936,30,70,False,-
2025-06-07 07:58:09.055370,GPU,38.05911590729386,25,60,False,-
2025-06-07 08:08:09.055372,SSD,40.85208111187744,30,55,False,-
2025-06-07 08:18:09.055373,CPU,40.802869905249324,45,70,True,-
2025-06-07 08:28:09.055375,CPU,40.01523010076707,35,70,False,-
2025-06-07 08:38:09.055377,SSD,42.18469084873175,45,65,True,-
2025-06-07 08:48:09.055378,GPU,45.95323137393171,45,55,False,-
2025-06-07 08:58:09.055380,RAM,44.74777067720662,25,75,False,-
2025-06-07 09:08:09.055382,CPU,32.575510157750486,35,70,True,-
2025-06-07 09:18:09.055383,Motherboard,27.230394325490224,30,75,True,-
2025-06-07 09:28:09.055385,Motherboard,44.67159955619637,30,70,False,-
2025-06-07 09:38:09.055387,SSD,33.165606507922895,40,75,True,-
2025-06-07 09:48:09.055388,GPU,38.87617299053658,30,55,False,-
2025-06-07 09:58:09.055390,CPU,34.1494348697032,25,65,False,-
2025-06-07 10:08:09.055392,GPU,30.9900978120999,45,55,True,-
2025-06-07 10:18:09.055393,CPU,42.70731364102394,45,60,True,-
2025-06-07 10:28:09.055395,SSD,43.79577580151324,45,65,True,-
2025-06-07 10:38:09.055396,SSD,37.1174479963664,35,55,False,-
2025-06-07 10:48:09.055398,Motherboard,27.04478853927545,30,60,True,-
2025-06-07 10:58:09.055400,GPU,37.268777758737585,25,70,False,-
2025-06-07 11:08:09.055408,Motherboard,41.959020027012734,35,70,False,-
2025-06-07 11:18:09.055410,GPU,32.60544215612936,40,75,True,-
2025-06-07 11:28:09.055412,Motherboard,40.91679959889578,25,65,False,-
2025-06-07 11:38:09.055413,RAM,39.923450754135025,25,70,False,-
2025-06-07 11:48:09.055415,RAM,42.89645749800544,25,65,False,-
2025-06-07 11:58:09.055417,RAM,40.59790184207077,45,70,True,-
2025-06-07 12:08:09.055418,RAM,35.134655295592225,25,75,False,-
2025-06-07 12:18:09.055420,CPU,45.982857508322454,30,55,False,-
2025-06-07 12:28:09.055422,RAM,39.20735213486515,25,75,False,-
2025-06-07 12:38:09.055423,SSD,39.86347730245034,45,60,True,-
2025-06-07 12:48:09.055425,SSD,35.33366020463402,25,70,False,-
2025-06-07 12:58:09.055427,CPU,37.78358874404245,40,60,True,-
2025-06-07 13:08:09.055428,RAM,35.575986429865495,40,60,True,-
2025-06-07 13:18:09.055430,RAM,39.135269700382885,45,65,True,-
2025-06-07 13:28:09.055432,RAM,48.558542400711715,30,70,False,-
2025-06-07 13:38:09.055433,Motherboard,33.140494285343216,30,60,False,-
2025-06-07 13:48:09.055435,GPU,31.932193010616295,35,55,True,-
2025-06-07 13:58:09.055438,Motherboard,47.35585163746804,45,60,False,-
2025-06-07 14:08:09.055440,GPU,38.95338161424067,25,55,False,-
2025-06-07 14:18:09.055441,RAM,36.65463630670042,45,65,True,-
2025-06-07 14:28:09.055444,RAM,45.199523436980385,35,60,False,-
2025-06-07 14:38:09.055445,Motherboard,36.97192230131568,45,75,True,-
2025-06-07 14:48:09.055447,Motherboard,49.13004856773468,45,65,False,-
2025-06-07 14:58:09.055449,GPU,43.38962935669635,35,55,False,-
2025-06-07 15:08:09.055450,SSD,37.560442959271484,30,65,False,-
2025-06-07 15:18:09.055452,GPU,50.786541066327516,25,60,False,-
2025-06-07 15:28:09.055454,Motherboard,36.971425384983306,35,70,False,-
2025-06-07 15:38:09.055455,Motherboard,43.71047686004653,40,70,False,-
2025-06-07 15:48:09.055457,CPU,41.49646290203246,30,55,False,-
2025-06-07 15:58:09.055459,Motherboard,46.50870644699399,40,55,False,-
2025-06-07 16:08:09.055460,CPU,47.807555983634266,30,70,False,-
2025-06-07 16:18:09.055497,SSD,40.160020745328836,25,55,False,-
2025-06-07 16:28:09.055499,GPU,36.23291064826908,25,65,False,-
2025-06-07 16:38:09.055501,GPU,42.29986071469558,45,75,True,-
2025-06-07 16:48:09.055503,CPU,36.61142315123947,40,75,True,-
2025-06-07 16:58:09.055504,GPU,50.066936237633115,30,65,False,-
2025-06-07 17:08:09.055506,Motherboard,40.68267665541369,25,75,False,-
2025-06-07 17:18:09.055508,RAM,38.17339224343946,35,60,False,-
2025-06-07 17:28:09.055509,CPU,40.92340152932454,25,65,False,-
2025-06-07 17:38:09.055511,GPU,33.26436855235152,35,55,True,-
2025-06-07 17:48:09.055513,CPU,35.14192980744674,30,65,False,-
2025-06-07 17:58:09.055514,CPU,46.00206953972213,25,70,False,-
2025-06-07 18:08:09.055516,RAM,36.71552860514302,25,55,False,-
2025-06-07 18:18:09.055518,Motherboard,34.765445086590304,30,70,False,-
2025-06-07 18:28:09.055519,CPU,42.68326376263643,25,55,False,-
2025-06-07 18:38:09.055521,GPU,45.928520773314986,35,75,False,-
2025-06-07 18:48:09.055523,SSD,43.594766553325336,25,65,False,-
2025-06-07 18:58:09.055524,CPU,44.98023842902908,40,60,False,-
2025-06-07 19:08:09.055526,CPU,36.21602455715269,45,55,True,-
2025-06-07 19:18:09.055528,RAM,32.89094666629078,35,55,True,-
2025-06-07 19:28:09.055529,Motherboard,47.506668259777435,40,70,False,-
2025-06-07 19:38:09.055531,SSD,38.38660080578932,30,75,False,-
2025-06-07 19:48:09.055533,GPU,38.745834917724764,35,70,False,-
2025-06-07 19:58:09.055534,SSD,46.64097070924529,45,70,False,-
2025-06-07 20:08:09.055536,GPU,42.7811500470033,45,75,True,-
2025-06-07 20:18:09.055538,Motherboard,42.279438860408035,30,60,False,-
2025-06-07 20:28:09.055539,GPU,50.825011724505416,30,70,False,-
2025-06-07 20:38:09.055541,RAM,36.78240884809929,35,70,False,-
2025-06-07 20:48:09.055543,RAM,44.63920064040619,25,55,False,-
2025-06-07 20:58:09.055544,RAM,40.28506562448542,30,75,False,-
2025-06-07 21:08:09.055546,RAM,41.34296139431628,25,65,False,-
2025-06-07 21:18:09.055548,SSD,47.64234213206266,40,60,False,-
2025-06-07 21:28:09.055549,Motherboard,42.53917878144812,45,60,True,-
2025-06-07 21:38:09.055551,GPU,42.69148039524816,25,75,False,-
2025-06-07 21:48:09.055560,GPU,45.362536686549014,45,55,False,-
2025-06-07 21:58:09.055562,RAM,38.17523635228557,25,55,False,-
2025-06-07 22:08:09.055564,RAM,35.80395166330497,40,75,True,-
2025-06-07 22:18:09.055565,CPU,34.775954029894834,30,55,False,-
2025-06-07 22:28:09.055567,Motherboard,30.16821705311999,40,60,True,-
2025-06-07 22:38:09.055569,SSD,50.28103564970161,30,60,False,-
2025-06-07 22:48:09.055570,GPU,34.483958171391585,30,65,False,-
2025-06-07 22:58:09.055572,CPU,38.89373188207114,45,75,True,-
2025-06-07 23:08:09.055574,CPU,38.6159335005554,40,70,True,-
2025-06-07 23:18:09.055575,GPU,41.537033489045506,25,70,False,-
2025-06-07 23:28:09.055577,SSD,44.078686062696484,40,65,False,-
2025-06-07 23:38:09.055579,CPU,44.30236744179873,45,65,True,-
2025-06-07 23:48:09.055580,CPU,37.08461280715531,30,55,False,-
2025-06-07 23:58:09.055582,Motherboard,39.16439143106794,45,65,True,-
2025-06-08 00:08:09.055584,SSD,41.4128997524415,35,65,False,-
2025-06-08 00:18:09.055585,CPU,38.75654436908226,35,70,False,-
2025-06-08 00:28:09.055587,SSD,48.03672788009996,25,55,False,-
2025-06-08 00:38:09.055589,GPU,42.45487475819126,45,65,True,-
2025-06-08 00:48:09.055590,RAM,43.67438893024909,25,65,False,-
2025-06-08 00:58:09.055592,CPU,43.31440634333706,25,55,False,-
2025-06-08 01:08:09.055594,Motherboard,45.86736928742663,35,75,False,-
2025-06-08 01:18:09.055595,GPU,40.90510779351853,25,55,False,-
2025-06-08 01:28:09.055597,SSD,33.51584026022077,35,70,True,-
2025-06-08 01:38:09.055599,GPU,41.99843975876321,30,75,False,-
2025-06-08 01:48:09.055600,CPU,36.74321553104085,45,60,True,-
2025-06-08 01:58:09.055602,SSD,37.35691659125121,25,55,False,-
2025-06-08 02:08:09.055604,RAM,42.931820093775464,35,70,False,-
2025-06-08 02:18:09.055605,GPU,46.19141535716818,40,75,False,-
2025-06-08 02:28:09.055607,CPU,40.10635788368031,25,55,False,-
2025-06-08 02:38:09.055609,Motherboard,41.54416506299482,30,65,False,-
2025-06-08 02:48:09.055610,SSD,48.51107472317619,30,55,False,-
2025-06-08 02:58:09.055612,GPU,41.20376589744284,40,60,False,-
2025-06-08 03:08:09.055614,GPU,53.008415570901974,35,55,False,-
2025-06-08 03:18:09.055615,RAM,42.827548228157724,25,75,False,-
2025-06-08 03:28:09.055617,RAM,31.19618620422091,35,75,True,-
2025-06-08 03:38:09.055619,Motherboard,43.76670810552266,30,55,False,-
2025-06-08 03:48:09.055620,Motherboard,41.90579192441389,35,75,False,-
2025-06-08 03:58:09.055622,CPU,46.44876377041373,30,65,False,-
2025-06-08 04:08:09.055626,CPU,43.365906756349794,35,55,False,-
2025-06-08 04:18:09.055627,Motherboard,39.30772008008113,40,65,True,-
2025-06-08 04:28:09.055629,Motherboard,33.87850881855317,45,65,True,-
2025-06-08 04:38:09.055631,SSD,38.95488371356987,40,70,True,-
2025-06-08 04:48:09.055632,RAM,35.7473977289535,40,55,True,-
2025-06-08 04:58:09.055634,CPU,37.09738275097639,45,75,True,-
2025-06-08 05:08:09.055636,RAM,42.942892022103045,45,65,True,-
2025-06-08 05:18:09.055637,RAM,48.34952252175703,25,70,False,-
2025-06-08 05:28:09.055639,Motherboard,41.9733576491149,25,55,False,-
2025-06-08 05:38:09.055641,SSD,34.02058468982408,40,55,True,-
2025-06-08 05:48:09.055642,GPU,42.2230133411007,40,60,False,-
2025-06-08 05:58:09.055644,SSD,45.98315743322826,30,60,False,-
2025-06-08 06:08:09.055646,SSD,36.95108547840309,30,65,False,-
2025-06-08 06:18:09.055647,RAM,39.32991416663541,25,60,False,-
2025-06-08 06:28:09.055649,SSD,40.07344097364599,25,65,False,-
2025-06-08 06:38:09.055651,CPU,36.0755084345888,30,75,False,-
2025-06-08 06:48:09.055652,RAM,43.2414021692193,30,65,False,-
2025-06-08 06:58:09.055654,CPU,39.39525925696109,35,60,False,-
2025-06-08 07:08:09.055657,GPU,42.09766221953514,35,75,False,-
2025-06-08 07:18:09.055659,RAM,35.5625391109895,30,60,False,-
2025-06-08 07:28:09.055660,GPU,37.812708498382946,35,65,False,-
2025-06-08 07:38:09.055662,RAM,43.61190678913886,45,70,True,-
2025-06-08 07:48:09.055664,Motherboard,38.13583423954117,25,55,False,-
2025-06-08 07:58:09.055665,SSD,48.63481925616703,25,60,False,-
2025-06-08 08:08:09.055667,Motherboard,38.00181907192699,30,65,False,-
2025-06-08 08:18:09.055669,GPU,41.12342362875943,40,75,False,-
2025-06-08 08:28:09.055670,SSD,44.66295415936545,30,60,False,-
2025-06-08 08:38:09.055672,RAM,32.90817133533484,35,60,True,-
2025-06-08 08:48:09.055673,SSD,31.19595594009612,40,55,True,-
2025-06-08 08:58:09.055675,CPU,32.371718427149524,35,65,True,-
2025-06-08 09:08:09.055677,SSD,46.31292051713591,45,70,False,-
2025-06-08 09:18:09.055678,CPU,37.240709270537764,35,75,False,-
2025-06-08 09:28:09.055680,SSD,52.79099642834126,45,65,False,-
2025-06-08 09:38:09.055682,CPU,37.17876200671306,45,75,True,-
2025-06-08 09:48:09.055683,GPU,40.922756515985185,35,60,False,-
2025-06-08 09:58:09.055685,Motherboard,47.71054976283938,35,55,False,-
2025-06-08 10:08:09.055686,RAM,50.03046444079561,45,55,False,-
2025-06-08 10:18:09.055688,SSD,50.30751788318199,40,70,False,-
2025-06-08 10:28:09.055690,Motherboard,46.04183115296571,45,55,False,-
2025-06-08 10:38:09.055691,RAM,45.12031262905731,25,60,False,-
2025-06-08 10:48:09.055693,RAM,42.96263474600592,45,70,True,-
2025-06-08 10:58:09.055695,CPU,43.89180538083319,40,65,False,-
2025-06-08 11:08:09.055696,GPU,37.244071418357336,25,55,False,-
2025-06-08 11:18:09.055698,GPU,35.90900558288846,30,70,False,-
2025-06-08 11:28:09.055700,Motherboard,39.98312771294524,30,60,False,-
2025-06-08 11:38:09.055701,GPU,39.14907688737536,40,75,True,-
2025-06-08 11:48:09.055703,SSD,37.733859753363625,45,75,True,-
2025-06-08 11:58:09.055704,GPU,43.481937237283574,35,60,False,-
2025-06-08 12:08:09.055706,Motherboard,44.77652604285255,40,60,False,-
2025-06-08 12:18:09.055708,GPU,40.442034431459234,25,75,False,-
2025-06-08 12:28:09.055709,SSD,47.38765040527631,25,70,False,-
2025-06-08 12:38:09.055711,CPU,34.29155442933248,30,75,False,-
2025-06-08 12:48:09.055712,Motherboard,39.03170270360141,25,60,False,-
2025-06-08 12:58:09.055714,CPU,36.41588839698598,40,55,True,-
2025-06-08 13:08:09.055716,CPU,30.6673169146347,25,65,False,-
2025-06-08 13:18:09.055717,CPU,39.586596570786504,40,55,True,-
2025-06-08 13:28:09.055719,RAM,39.39126245808358,35,55,False,-
2025-06-08 13:38:09.055721,RAM,95.13449743242131,30,60,True,spike
2025-06-08 13:48:09.055722,CPU,86.30811684554777,25,75,True,sustained_overheat
2025-06-08 13:58:09.055724,Motherboard,69.75813175670795,40,70,False,-
2025-06-08 14:08:09.055725,SSD,98.54092566334188,45,55,True,spike
2025-06-08 14:18:09.055727,SSD,92.21033695525352,30,75,True,spike
2025-06-08 14:28:09.055729,GPU,85.82097703468615,35,70,True,spike
2025-06-08 14:38:09.055730,Motherboard,77.73515901150168,40,55,True,spike
2025-06-08 14:48:09.055732,RAM,70.4056076327652,35,70,True,-
2025-06-08 14:58:09.055734,CPU,76.27793223928947,35,75,True,-
2025-06-08 15:08:09.055735,GPU,90.88748619704185,25,65,True,spike
2025-06-08 15:18:09.055737,SSD,98.84586305934609,25,75,True,spike
2025-06-08 15:28:09.055738,RAM,95.43243528272188,40,60,True,spike
2025-06-08 15:38:09.055740,RAM,75.11150578213726,45,70,True,sustained_overheat
2025-06-08 15:48:09.055742,CPU,68.80382566710989,40,65,True,-
2025-06-08 15:58:09.055743,SSD,81.40886246911204,45,70,True,sustained_overheat
2025-06-08 16:08:09.055745,Motherboard,62.31560634437149,35,70,False,-
2025-06-08 16:18:09.055747,RAM,83.23167714184781,30,55,True,spike
2025-06-08 16:28:09.055748,CPU,78.52397413701331,40,60,True,spike
2025-06-08 16:38:09.055750,Motherboard,75.33963498131757,40,70,True,sustained_overheat
2025-06-08 16:48:09.055751,SSD,64.05296932733205,45,75,False,-
2025-06-08 16:58:09.055753,RAM,85.13600106569717,35,75,True,sustained_overheat
2025-06-08 17:08:09.055755,Motherboard,74.6729916033809,35,55,True,spike
2025-06-08 17:18:09.055756,Motherboard,68.30083164289712,45,60,True,sustained_overheat
2025-06-08 17:28:09.055758,Motherboard,51.2773778671835,35,60,False,-
2025-06-08 17:38:09.055759,RAM,79.72485094949364,25,75,True,-
2025-06-08 17:48:09.055761,RAM,97.72251596669744,30,65,True,spike
2025-06-08 17:58:09.055763,GPU,96.6125921454787,40,55,True,spike
2025-06-08 18:08:09.055764,SSD,75.42903743413729,30,55,True,spike
2025-06-08 18:18:09.055767,CPU,73.97787939638219,40,75,False,-
2025-06-08 18:28:09.055769,Motherboard,84.68774256075024,25,75,True,sustained_overheat
2025-06-08 18:38:09.055771,GPU,70.01614560811709,35,65,True,sustained_overheat
2025-06-08 18:48:09.055772,CPU,83.01791899819466,45,65,True,spike
2025-06-08 18:58:09.055774,GPU,87.6608027838469,25,60,True,spike
2025-06-08 19:08:09.055775,RAM,92.26933223884308,30,55,True,spike
2025-06-08 19:18:09.055777,Motherboard,78.99845923520047,45,55,True,spike
2025-06-08 19:28:09.055779,CPU,77.96326249823034,35,75,True,-
2025-06-08 19:38:09.055780,CPU,71.2201741324344,25,60,True,sustained_overheat
2025-06-08 19:48:09.055782,CPU,71.73119645960139,45,55,True,spike
2025-06-08 19:58:09.055784,CPU,77.73521108098473,25,60,True,spike
2025-06-08 20:08:09.055785,CPU,83.67365506816178,25,60,True,spike
2025-06-08 20:18:09.055787,GPU,89.13584626233249,35,75,True,sustained_overheat
2025-06-08 20:28:09.055788,Motherboard,71.96821049319655,40,60,True,sustained_overheat
2025-06-08 20:38:09.055790,RAM,94.92688568959522,45,65,True,spike
2025-06-08 20:48:09.055792,RAM,77.2887639895743,35,65,True,sustained_overheat
2025-06-08 20:58:09.055793,RAM,79.78632705651565,25,70,True,sustained_overheat
2025-06-08 21:08:09.055795,RAM,72.52788320852177,35,75,False,-
2025-06-08 21:18:09.055797,GPU,55.75759739727059,40,70,False,-
2025-06-08 21:28:09.055798,SSD,88.8404539636105,45,65,True,spike
2025-06-08 21:38:09.055800,Motherboard,87.36843897092433,40,70,True,spike
2025-06-08 21:48:09.055801,CPU,77.18672442881787,30,75,True,-
2025-06-08 21:58:09.055803,SSD,70.33495358612436,45,75,False,-
2025-06-08 22:08:09.055805,RAM,72.57969608852049,40,60,True,sustained_overheat
2025-06-08 22:18:09.055806,SSD,62.18727071556729,25,55,True,sustained_overheat
2025-06-08 22:28:09.055808,Motherboard,67.35473661326853,45,60,True,sustained_overheat
2025-06-08 22:38:09.055810,CPU,73.97132339810913,45,75,False,-
2025-06-08 22:48:09.055811,CPU,63.72855288415376,35,65,False,-
2025-06-08 22:58:09.055813,Motherboard,71.46778966083315,25,65,True,sustained_overheat
2025-06-08 23:08:09.055814,Motherboard,63.21709097688297,30,60,True,-
2025-06-08 23:18:09.055816,RAM,72.33214991216764,40,75,False,-
2025-06-08 23:28:09.055818,CPU,69.82179258851258,35,65,True,-
2025-06-08 23:38:09.055819,SSD,61.92434092047245,40,75,False,-
2025-06-08 23:48:09.055821,GPU,75.82369677228586,30,65,True,sustained_overheat
2025-06-08 23:58:09.055822,GPU,66.32704211600975,30,75,False,-
2025-06-09 00:08:09.055824,Motherboard,65.9487378149281,45,70,False,-
2025-06-09 00:18:09.055826,RAM,71.00284598615471,30,75,False,-
2025-06-09 00:28:09.055827,GPU,75.74318674714358,40,75,True,-
2025-06-09 00:38:09.055829,CPU,64.92089090510801,25,60,True,-
2025-06-09 00:48:09.055831,Motherboard,70.30839924923986,25,70,True,-
2025-06-09 00:58:09.055832,SSD,72.14408250165286,45,55,True,spike
2025-06-09 01:08:09.055834,Motherboard,73.46552803631572,40,60,True,sustained_overheat
2025-06-09 01:18:09.055836,SSD,70.88220777638612,40,55,True,spike
2025-06-09 01:28:09.055837,Motherboard,68.16486080458338,30,65,True,-
2025-06-09 01:38:09.055839,Motherboard,65.8620488967564,40,55,True,sustained_overheat
2025-06-09 01:48:09.055844,Motherboard,70.43071941523188,35,75,False,-
2025-06-09 01:58:09.055846,SSD,64.63930494007197,30,55,True,sustained_overheat
2025-06-09 02:08:09.055848,SSD,55.39324758252697,35,60,False,-
2025-06-09 02:18:09.055849,Motherboard,72.18279902078834,45,60,True,sustained_overheat
2025-06-09 02:28:09.055851,GPU,74.51967420543097,25,55,True,spike
2025-06-09 02:38:09.055853,RAM,58.185337822290805,45,60,False,-
2025-06-09 02:48:09.055854,RAM,64.95134647645031,25,60,True,-
2025-06-09 02:58:09.055856,RAM,73.09577130502599,45,55,True,spike
2025-06-09 03:08:09.055858,SSD,80.2874773485585,40,70,True,sustained_overheat
2025-06-09 03:18:09.055859,SSD,70.10396853837705,35,70,True,-
2025-06-09 03:28:09.055861,GPU,66.35998529385432,25,65,True,-
2025-06-09 03:38:09.055862,RAM,69.0855177944758,30,60,True,sustained_overheat
2025-06-09 03:48:09.055864,RAM,76.87438209574093,35,55,True,spike
2025-06-09 03:58:09.055866,Motherboard,66.77017910437732,30,60,True,sustained_overheat
2025-06-09 04:08:09.055867,SSD,66.00403996674873,35,75,False,-
2025-06-09 04:18:09.055869,RAM,67.58628238908983,35,60,True,sustained_overheat
2025-06-09 04:28:09.055871,GPU,65.23335695870644,45,60,True,sustained_overheat
2025-06-09 04:38:09.055878,GPU,70.61335157997398,25,70,True,-
2025-06-09 04:48:09.055880,RAM,78.1233922923478,25,55,True,spike
2025-06-09 04:58:09.055882,SSD,71.61539636558014,35,60,True,sustained_overheat
2025-06-09 05:08:09.055884,GPU,68.73823248936856,40,70,False,-
2025-06-09 05:18:09.055885,Motherboard,68.54094365542228,40,65,True,-
2025-06-09 05:28:09.055887,GPU,62.18404595651671,30,70,False,-
2025-06-09 05:38:09.055889,CPU,74.4155488857358,30,70,True,-
2025-06-09 05:48:09.055890,CPU,69.610814014936,45,70,False,-
2025-06-09 05:58:09.055892,SSD,69.09760043204687,35,60,True,sustained_overheat
2025-06-09 06:08:09.055894,RAM,85.96553783922431,30,60,True,spike
